                  epoch,         train/box_loss,         train/cls_loss,         train/dfl_loss,   metrics/precision(B),      metrics/recall(B),       metrics/mAP50(B),    metrics/mAP50-95(B),           val/box_loss,           val/cls_loss,           val/dfl_loss,                 lr/pg0,                 lr/pg1,                 lr/pg2
                      0,                  5.994,                 4.1836,                 4.1164,                0.00098,                0.00111,                0.00049,                0.00013,                 6.1556,                 4.1699,                 3.8078,                 0.0856,                 0.0016,                 0.0016
                      1,                 5.6088,                 3.3246,                 3.6109,                0.00106,                0.00186,                0.00056,                0.00019,                 5.6185,                 4.1518,                 3.2978,               0.070267,              0.0032673,              0.0032673
                      2,                 4.9573,                 2.8989,                 3.2243,                0.00132,                0.00232,                0.00233,                0.00091,                  5.202,                 4.0826,                 3.0566,               0.054901,               0.004901,               0.004901
